page_name,parent_comment_id,parent_comment_message,reply_comment_message,comment_id,created_time,comment_like_cnt
"fifaworldcup","2283204071695427_2284825598199941","Who is the best player Right now?ğŸ¤”1. Like for  #Ronaldo ğŸ‘ ğŸ‡µğŸ‡¹2. Wow  for #LeMessi ğŸ˜®ğŸ‡¦ğŸ‡·3. Love for #Mo_SalahğŸ’ğŸ‡ªğŸ‡¬4. Haha for #NeymarğŸ˜‚ğŸ‡§ğŸ‡·","Not other than Ronaldo","2283204071695427_2285121721503662","2018-06-20T12:19:41+0000","0"
"fifaworldcup","2283204071695427_2284911328191368","Best of luck today forIranSaudiMoroco","Except saudi","2283204071695427_2284926721523162","2018-06-20T10:14:07+0000","1"
"fifaworldcup","2283204071695427_2284911328191368","Best of luck today forIranSaudiMoroco","If they score any goal it will be conciderd as win ok","2283204071695427_2284928461522988","2018-06-20T10:15:15+0000","0"
"fifaworldcup","2283204071695427_2284911328191368","Best of luck today forIranSaudiMoroco","It won't be unless they win the match itself","2283204071695427_2284930948189406","2018-06-20T10:17:02+0000","1"
"fifaworldcup","2283204071695427_2284911328191368","Best of luck today forIranSaudiMoroco","Just one goal is not a win, its a team not kids playing","2283204071695427_2284935314855636","2018-06-20T10:19:36+0000","1"
"fifaworldcup","2283204071695427_2284911328191368","Best of luck today forIranSaudiMoroco","I hope i will be alive to wetness your national team at least qualifying to the Asian qualifiers final round","2283204071695427_2284975914851576","2018-06-20T10:48:46+0000","1"
"fifaworldcup","2283204071695427_2284911328191368","Best of luck today forIranSaudiMoroco","Dont mind khalidWe support ur team n realy happy to ur team in this world cupbut if u lose u should score some alsoLast nite egypt played well but failed to scoreU cant stop them scoring but u have to score when u get a chance no need to play defencive","2283204071695427_2284995711516263","2018-06-20T11:01:23+0000","1"
"fifaworldcup","2283204071695427_2284911328191368","Best of luck today forIranSaudiMoroco","N khalidThe football is made in pakistan","2283204071695427_2284997731516061","2018-06-20T11:02:36+0000","1"
"fifaworldcup","2283204071695427_2284911328191368","Best of luck today forIranSaudiMoroco","Morroco 1-1 Portugal","2283204071695427_2285032731512561","2018-06-20T11:25:19+0000","1"
"fifaworldcup","2283204071695427_2284911328191368","Best of luck today forIranSaudiMoroco","No reedRonaldo will must score","2283204071695427_2285034638179037","2018-06-20T11:26:35+0000","1"
"fifaworldcup","2283204071695427_2284911328191368","Best of luck today forIranSaudiMoroco","Of course he will score that 1goal","2283204071695427_2285051871510647","2018-06-20T11:37:14+0000","0"
"fifaworldcup","2283204071695427_2284806271535207","Bounce back to another defeat. Uruguay must win them.","Uruguay with who will play?","2283204071695427_2284810054868162","2018-06-20T09:08:14+0000","0"
"fifaworldcup","2283204071695427_2284806271535207","Bounce back to another defeat. Uruguay must win them.","Saudi Arabia.","2283204071695427_2284852688197232","2018-06-20T09:31:25+0000","0"
"fifaworldcup","2283204071695427_2284806271535207","Bounce back to another defeat. Uruguay must win them.","Saudi Arabia  am sorry because u guys wont get any point 4m all ur matches wht a bad performance","2283204071695427_2285243854824782","2018-06-20T13:21:50+0000","0"
"fifaworldcup","2283204071695427_2284819658200535","Check the confidence. ..lol get ready for 10-0 result","I think so too. Saudi players don't play in Europe, so they lack experience compare to Japan, Korea, Iran and Australia. KSA might be strong in Asia, but the world cup is much higher than Asia in level. No matter how much billion dollar KSA and China paid for great foreign coach and players, your team can never get strong. Japan is allied with Germany, and now sending a lot of promising young talents to German Bundesliga. And from Germany, Japanese players can play from all over Europe. Now 80% of Japanese players are belonging to European clubs, and we are no longer Asian team. Saudi players all look scared sheep to me...","2283204071695427_2284865958195905","2018-06-20T09:38:55+0000","2"
"fifaworldcup","2283204071695427_2284819658200535","Check the confidence. ..lol get ready for 10-0 result","u r wrong. Saudi arabia will win inshallah","2283204071695427_2284883751527459","2018-06-20T09:49:52+0000","2"
"fifaworldcup","2283204071695427_2284819658200535","Check the confidence. ..lol get ready for 10-0 result","If ur face not beautifull u can talk beautifully at least","2283204071695427_2284912901524544","2018-06-20T10:04:55+0000","0"
"fifaworldcup","2283204071695427_2284819658200535","Check the confidence. ..lol get ready for 10-0 result","Yes u right","2283204071695427_2284922934856874","2018-06-20T10:11:25+0000","0"
"fifaworldcup","2283204071695427_2284846911531143","My life these days :  sleep --> eat --> watch fifa world cup match --> repeat","Same meğŸ˜‚","2283204071695427_2284905348191966","2018-06-20T10:00:20+0000","1"
"fifaworldcup","2283204071695427_2284813148201186","After a heavy defeat against the host...now Saudi Arabia is ready for a premium first class flight home.","Dan, are you very funğŸ˜‚","2283204071695427_2284817584867409","2018-06-20T09:13:04+0000","1"
"fifaworldcup","2283204071695427_2284813148201186","After a heavy defeat against the host...now Saudi Arabia is ready for a premium first class flight home.","","2283204071695427_2284937884855379","2018-06-20T10:21:31+0000","0"
"fifaworldcup","2283204071695427_2284798044869363","Who Will Win The World Cup?1. Like ğŸ‘ğŸ»for #Brasil ğŸ‡§ğŸ‡·2. Love â¤ï¸for #Argentina ğŸ‡¦ğŸ‡·3. Haha ğŸ˜‚ for #GermanyğŸ‡©ğŸ‡ª4. Wow ğŸ˜¯ for #PortugalğŸ‡µğŸ‡¹5. Sad ğŸ˜¢ for #SpainğŸ‡ªğŸ‡¸6. AngryğŸ˜  for #Others","Dislike ğŸ˜’ for #Italy","2283204071695427_2284801768202324","2018-06-20T09:03:15+0000","1"
"fifaworldcup","2283204071695427_2284798044869363","Who Will Win The World Cup?1. Like ğŸ‘ğŸ»for #Brasil ğŸ‡§ğŸ‡·2. Love â¤ï¸for #Argentina ğŸ‡¦ğŸ‡·3. Haha ğŸ˜‚ for #GermanyğŸ‡©ğŸ‡ª4. Wow ğŸ˜¯ for #PortugalğŸ‡µğŸ‡¹5. Sad ğŸ˜¢ for #SpainğŸ‡ªğŸ‡¸6. AngryğŸ˜  for #Others","And what happen with #Colombia?","2283204071695427_2284803621535472","2018-06-20T09:04:07+0000","1"
"fifaworldcup","2283204071695427_2284798044869363","Who Will Win The World Cup?1. Like ğŸ‘ğŸ»for #Brasil ğŸ‡§ğŸ‡·2. Love â¤ï¸for #Argentina ğŸ‡¦ğŸ‡·3. Haha ğŸ˜‚ for #GermanyğŸ‡©ğŸ‡ª4. Wow ğŸ˜¯ for #PortugalğŸ‡µğŸ‡¹5. Sad ğŸ˜¢ for #SpainğŸ‡ªğŸ‡¸6. AngryğŸ˜  for #Others","Mexico will win","2283204071695427_2284820084867159","2018-06-20T09:14:31+0000","0"
"fifaworldcup","2283204071695427_2284798044869363","Who Will Win The World Cup?1. Like ğŸ‘ğŸ»for #Brasil ğŸ‡§ğŸ‡·2. Love â¤ï¸for #Argentina ğŸ‡¦ğŸ‡·3. Haha ğŸ˜‚ for #GermanyğŸ‡©ğŸ‡ª4. Wow ğŸ˜¯ for #PortugalğŸ‡µğŸ‡¹5. Sad ğŸ˜¢ for #SpainğŸ‡ªğŸ‡¸6. AngryğŸ˜  for #Others","philipines ğŸ˜­","2283204071695427_2285065301509304","2018-06-20T11:45:10+0000","0"
"fifaworldcup","2283204071695427_2284862311529603","Viva ğŸ‡¸ğŸ‡¦ , wish you all the best of luck. ğŸ‡ºğŸ‡¾ is hard competence but yet we Saudi Arabia ğŸ‡¸ğŸ‡¦ can do it.","Ø¥Ù† Ø´Ø§Ø¡ Ø§Ù„Ù„Ù‡","2283204071695427_2285038454845322","2018-06-20T11:29:10+0000","0"
"fifaworldcup","2283204071695427_2284862311529603","Viva ğŸ‡¸ğŸ‡¦ , wish you all the best of luck. ğŸ‡ºğŸ‡¾ is hard competence but yet we Saudi Arabia ğŸ‡¸ğŸ‡¦ can do it.","ØªØ­ÙŠØ© Ù…Ù† ØªÙˆÙ†Ø³ Ù„Ø´Ø¹Ø¨ Ø§Ù„Ø¬Ø²ÙŠØ±Ø© Ø§Ù„Ø¹Ø±Ø¨ÙŠØ© Ùˆ Ø§Ù„Ù„Ù‡ Ù„Ø§ ØªØ±Ø¨Ø­ Ø¢Ù„ Ø³Ù„ÙˆÙ„ ÙˆØ­ÙƒØ§Ù…Ù‡Ø§  Ø§Ù„ÙƒÙ„Ø§Ø¨ Ø¹Ù…Ù„Ø§Ø¡ ØªØ±Ø§Ù…Ø¨ Ùˆ Ø¥Ù†Ø´Ø§Ø¡ Ø§Ù„Ù„Ù‡ Ù„Ù† ÙŠØ³ØªØ·ÙŠØ¹ÙˆØ§ Ø¯Ø®ÙˆÙ„ Ù…ÙƒØ© Ø§Ù„Ù…ÙƒØ±Ù…Ø© !!","2283204071695427_2285655294783638","2018-06-20T15:58:24+0000","0"
"fifaworldcup","2283204071695427_2284817011534133","Theoretically, yes and ambition is required .. But based on the performance of our team in their first encounter against the russians, I guess it won't be an easy task. Uruguay players want to qualify and they are expected to do their best accomplish the task ..","And what's your team?","2283204071695427_2284831261532708","2018-06-20T09:21:13+0000","0"
"fifaworldcup","2283204071695427_2284817011534133","Theoretically, yes and ambition is required .. But based on the performance of our team in their first encounter against the russians, I guess it won't be an easy task. Uruguay players want to qualify and they are expected to do their best accomplish the task ..","Saudi Arabian team. This is what I said, they showed poor performance against the russians. Chances (based on the performance) are very slim to qualify although theoretically (based on remaining matches) there is a chance. We are meeting a high caliper (Uruguay) and it is odds won't be in our favour of course ..","2283204071695427_2284838321532002","2018-06-20T09:25:29+0000","0"
"fifaworldcup","2284587128223788_2284742261541608","Happy birthday and good luck for today's match â¤","Can you speak English?","2284587128223788_2284773194871848","2018-06-20T08:44:59+0000","0"
"fifaworldcup","2284587128223788_2284742261541608","Happy birthday and good luck for today's match â¤","It's spain!! You can't win LOL","2284587128223788_2284792181536616","2018-06-20T08:57:54+0000","0"
"fifaworldcup","2284587128223788_2284742261541608","Happy birthday and good luck for today's match â¤","Mostafa Alaa can you??ğŸ˜‚ğŸ˜‚ğŸ˜‚","2284587128223788_2284808758201625","2018-06-20T09:07:24+0000","0"
"fifaworldcup","2284587128223788_2284742261541608","Happy birthday and good luck for today's match â¤","Its from","2284587128223788_2284853934863774","2018-06-20T09:32:27+0000","0"
"fifaworldcup","2284587128223788_2284742261541608","Happy birthday and good luck for today's match â¤","Mostafa Alaa whatever mr â€œmostarahâ€!! Lol, look it up! Nice name lol","2284587128223788_2285550004794167","2018-06-20T15:17:32+0000","0"
"fifaworldcup","2284587128223788_2284725911543243","Touch your team color ğŸ‘‡ below to get the vibe. It really works ğŸ˜² Vamos Argentina ğŸ‡¦ğŸ‡·Come on Belgium  ğŸ‡§ğŸ‡ªCome on england  ğŸ‡«ğŸ‡´Vai Brasil  ğŸ‡§ğŸ‡·Forca Portugal  ğŸ‡µğŸ‡¹auf geht's deutschland  ğŸ‡©ğŸ‡ªAllez les bleus  ğŸ‡«ğŸ‡·Vamos espanavamos mÃ©xicoGooaal  âš½ï¸âš½ï¸","That isnâ€™t the English flag.","2284587128223788_2284728954876272","2018-06-20T08:16:56+0000","0"
"fifaworldcup","2284587128223788_2284725911543243","Touch your team color ğŸ‘‡ below to get the vibe. It really works ğŸ˜² Vamos Argentina ğŸ‡¦ğŸ‡·Come on Belgium  ğŸ‡§ğŸ‡ªCome on england  ğŸ‡«ğŸ‡´Vai Brasil  ğŸ‡§ğŸ‡·Forca Portugal  ğŸ‡µğŸ‡¹auf geht's deutschland  ğŸ‡©ğŸ‡ªAllez les bleus  ğŸ‡«ğŸ‡·Vamos espanavamos mÃ©xicoGooaal  âš½ï¸âš½ï¸","What is the animation for morocco ? And for Japan ?","2284587128223788_2284731368209364","2018-06-20T08:18:34+0000","0"
"fifaworldcup","2284587128223788_2284725911543243","Touch your team color ğŸ‘‡ below to get the vibe. It really works ğŸ˜² Vamos Argentina ğŸ‡¦ğŸ‡·Come on Belgium  ğŸ‡§ğŸ‡ªCome on england  ğŸ‡«ğŸ‡´Vai Brasil  ğŸ‡§ğŸ‡·Forca Portugal  ğŸ‡µğŸ‡¹auf geht's deutschland  ğŸ‡©ğŸ‡ªAllez les bleus  ğŸ‡«ğŸ‡·Vamos espanavamos mÃ©xicoGooaal  âš½ï¸âš½ï¸","Grant Thomson  that only is showing in FB emojis","2284587128223788_2284736214875546","2018-06-20T08:22:07+0000","0"
"fifaworldcup","2284587128223788_2284725911543243","Touch your team color ğŸ‘‡ below to get the vibe. It really works ğŸ˜² Vamos Argentina ğŸ‡¦ğŸ‡·Come on Belgium  ğŸ‡§ğŸ‡ªCome on england  ğŸ‡«ğŸ‡´Vai Brasil  ğŸ‡§ğŸ‡·Forca Portugal  ğŸ‡µğŸ‡¹auf geht's deutschland  ğŸ‡©ğŸ‡ªAllez les bleus  ğŸ‡«ğŸ‡·Vamos espanavamos mÃ©xicoGooaal  âš½ï¸âš½ï¸","Go Faroe Islands!","2284587128223788_2284773141538520","2018-06-20T08:44:57+0000","0"
"fifaworldcup","2284587128223788_2284725911543243","Touch your team color ğŸ‘‡ below to get the vibe. It really works ğŸ˜² Vamos Argentina ğŸ‡¦ğŸ‡·Come on Belgium  ğŸ‡§ğŸ‡ªCome on england  ğŸ‡«ğŸ‡´Vai Brasil  ğŸ‡§ğŸ‡·Forca Portugal  ğŸ‡µğŸ‡¹auf geht's deutschland  ğŸ‡©ğŸ‡ªAllez les bleus  ğŸ‡«ğŸ‡·Vamos espanavamos mÃ©xicoGooaal  âš½ï¸âš½ï¸","Lilia Ha  ãŒã‚“ã°ã‚Œæ—¥æœ¬allez maghreb / dima maghreb","2284587128223788_2284774881538346","2018-06-20T08:46:16+0000","0"
"fifaworldcup","2284587128223788_2284725911543243","Touch your team color ğŸ‘‡ below to get the vibe. It really works ğŸ˜² Vamos Argentina ğŸ‡¦ğŸ‡·Come on Belgium  ğŸ‡§ğŸ‡ªCome on england  ğŸ‡«ğŸ‡´Vai Brasil  ğŸ‡§ğŸ‡·Forca Portugal  ğŸ‡µğŸ‡¹auf geht's deutschland  ğŸ‡©ğŸ‡ªAllez les bleus  ğŸ‡«ğŸ‡·Vamos espanavamos mÃ©xicoGooaal  âš½ï¸âš½ï¸","Please stop that.","2284587128223788_2284783044870863","2018-06-20T08:51:59+0000","0"
"fifaworldcup","2284587128223788_2284725911543243","Touch your team color ğŸ‘‡ below to get the vibe. It really works ğŸ˜² Vamos Argentina ğŸ‡¦ğŸ‡·Come on Belgium  ğŸ‡§ğŸ‡ªCome on england  ğŸ‡«ğŸ‡´Vai Brasil  ğŸ‡§ğŸ‡·Forca Portugal  ğŸ‡µğŸ‡¹auf geht's deutschland  ğŸ‡©ğŸ‡ªAllez les bleus  ğŸ‡«ğŸ‡·Vamos espanavamos mÃ©xicoGooaal  âš½ï¸âš½ï¸","","2284587128223788_2284788821536952","2018-06-20T08:55:56+0000","0"
"fifaworldcup","2284587128223788_2284725911543243","Touch your team color ğŸ‘‡ below to get the vibe. It really works ğŸ˜² Vamos Argentina ğŸ‡¦ğŸ‡·Come on Belgium  ğŸ‡§ğŸ‡ªCome on england  ğŸ‡«ğŸ‡´Vai Brasil  ğŸ‡§ğŸ‡·Forca Portugal  ğŸ‡µğŸ‡¹auf geht's deutschland  ğŸ‡©ğŸ‡ªAllez les bleus  ğŸ‡«ğŸ‡·Vamos espanavamos mÃ©xicoGooaal  âš½ï¸âš½ï¸","","2284587128223788_2284788978203603","2018-06-20T08:56:03+0000","0"
"fifaworldcup","2284587128223788_2284725911543243","Touch your team color ğŸ‘‡ below to get the vibe. It really works ğŸ˜² Vamos Argentina ğŸ‡¦ğŸ‡·Come on Belgium  ğŸ‡§ğŸ‡ªCome on england  ğŸ‡«ğŸ‡´Vai Brasil  ğŸ‡§ğŸ‡·Forca Portugal  ğŸ‡µğŸ‡¹auf geht's deutschland  ğŸ‡©ğŸ‡ªAllez les bleus  ğŸ‡«ğŸ‡·Vamos espanavamos mÃ©xicoGooaal  âš½ï¸âš½ï¸","","2284587128223788_2284789228203578","2018-06-20T08:56:10+0000","0"
"fifaworldcup","2284587128223788_2284725911543243","Touch your team color ğŸ‘‡ below to get the vibe. It really works ğŸ˜² Vamos Argentina ğŸ‡¦ğŸ‡·Come on Belgium  ğŸ‡§ğŸ‡ªCome on england  ğŸ‡«ğŸ‡´Vai Brasil  ğŸ‡§ğŸ‡·Forca Portugal  ğŸ‡µğŸ‡¹auf geht's deutschland  ğŸ‡©ğŸ‡ªAllez les bleus  ğŸ‡«ğŸ‡·Vamos espanavamos mÃ©xicoGooaal  âš½ï¸âš½ï¸","","2284587128223788_2284789454870222","2018-06-20T08:56:17+0000","0"
"fifaworldcup","2284643061551528_2284666958215805","Who will win the FIFA WORLD CUP?âš½1. Like ğŸ‘ for #Argentina  ğŸ‡¦ğŸ‡·2. Love â¤ï¸ for #Brazil ğŸ‡§ğŸ‡·3. Haha ğŸ˜† for #Portugal ğŸ‡µğŸ‡¹ 4. Wow ğŸ˜® for #Germany ğŸ‡©ğŸ‡ª5. Sad ğŸ˜¢ for #Spain ğŸ‡ªğŸ‡¸6. Angry ğŸ˜¡ for #Others ğŸŒ","answer yurself bcoz the haven't yet rich quarter/semi..","2284643061551528_2284740228208478","2018-06-20T08:25:02+0000","0"
"fifaworldcup","2284643061551528_2284682068214294","Argentina gohome","Brazil, Portugal gohome.   Argentina champion!","2284643061551528_2284797584869409","2018-06-20T09:01:02+0000","4"
"fifaworldcup","2284643061551528_2284682068214294","Argentina gohome","really","2284643061551528_2284914561524378","2018-06-20T10:06:14+0000","0"
"fifaworldcup","2284643061551528_2284666881549146","I like seeing the peace. I guess the rumors are true that Russia is running out of beer.","Yes... the fans have already drunk everything... ğŸ˜‚ğŸ˜‚ğŸ˜‚ğŸº","2284643061551528_2284692618213239","2018-06-20T07:54:16+0000","3"
"fifaworldcup","2284643061551528_2285670151448819","The beautiful game of fÃºtbol needs to bring people together and not apart. Respect","Yes","2284643061551528_2285700658112435","2018-06-20T16:17:02+0000","0"
"fifaworldcup","2283223725026795_2284625818219919","Morocco 3..0 portugal","ØµØ¹Ø¨Ù‡ ÙŠØ§ Ø¬Ù„Ø§Ù„ Ù…Ø¹ Ø§Ø­ØªØ±Ù…ÙŠ Ù„ÙŠÙƒ ğŸ˜”ğŸ˜”","2283223725026795_2284626754886492","2018-06-20T07:01:31+0000","2"
"fifaworldcup","2283223725026795_2284625818219919","Morocco 3..0 portugal","Ø§Ù†Ø´Ø§Ø¡ Ø§Ù„Ù„Ù‡ Ù…Ù†ØªØ®Ø¨Ù†Ø§ ÙŠÙ„Ø¹Ø¨ ÙƒØ±Ø© Ø§ÙˆØ±Ø¨ÙŠØ© ÙƒÙ„ Ø´ÙŠØ¡ Ù…Ù…ÙƒÙ†","2283223725026795_2284628888219612","2018-06-20T07:02:59+0000","2"
"fifaworldcup","2283223725026795_2284625818219919","Morocco 3..0 portugal","Ù‡Ù‡Ù‡Ù‡Ù‡Ù‡Ù‡","2283223725026795_2284631221552712","2018-06-20T07:05:03+0000","1"
"fifaworldcup","2283223725026795_2284625818219919","Morocco 3..0 portugal","Ø§Ù† Ø´Ø§Ø¡ Ø§Ù„Ù„Ù‡ ÙŠØ³ÙŠØ± Ø®ÙŠØ± Ù…Ø¹ Ø§Ù†ÙŠ Ø¨Ø´Ø¬Ø¹ Ø±ÙˆÙ†Ø§Ù„Ø¯Ùˆ Ù…Ø¹ Ù…Ø¯Ø±ÙŠØ¯","2283223725026795_2284632981552536","2018-06-20T07:06:29+0000","1"
"fifaworldcup","2283223725026795_2284625818219919","Morocco 3..0 portugal","Ø¬Ù„Ø§Ù„ Ø§Ù„Ø¯ÙŠÙ† Ø¹Ù„Ø´Ø§Ù† Ø¨Ù„Ø¯Ùƒ ÙÙŠ ÙƒØ§Ø³ Ø§Ù„Ø¹Ø§Ù„Ù… ÙÙ„Ø§Ø²Ù… ØªØ´Ø¬Ø¹Ù‡Ø§ Ø¨Ø³ Ù‡Ø¨ÙŠÙ‚ÙŠ Ù…ÙˆØ§ÙÙ‚ ØµØ¹Ø¨ Ø¹Ù„ÙŠÙƒ Ø´ÙˆÙŠÙ‡ Ù„Ø§Ù† Ø§Ù†Øª Ø¨ØªØ­Ø¨ Ø§Ù„Ø¯ÙˆÙ† ÙˆÙÙÙŠ Ù†ÙØ³ Ø§Ù„ÙˆÙ‚Øª Ù…Ø´ Ø¹Ø§ÙŠØ² Ø¨Ù„Ø¯Ùƒ ØªØ®Ø³Ø± ğŸ˜ŠğŸ˜ŠğŸ˜Š","2283223725026795_2284635094885658","2018-06-20T07:08:11+0000","0"
"fifaworldcup","2283223725026795_2284625818219919","Morocco 3..0 portugal","Ø§Ù„Ø¨Ø§Ø±Ø­ ÙƒÙ†Øª Ø¨Ø´Ø¬Ø¹ Ù…ØµØ± ÙˆØ§Ù„Ø­ÙŠ ÙƒÙ„Ù‡ ÙƒØ§Ù†Ù†Ø§  ÙÙŠ Ù…ØµØ±","2283223725026795_2284635508218950","2018-06-20T07:08:29+0000","1"
"fifaworldcup","2283223725026795_2284625818219919","Morocco 3..0 portugal","Ø¬Ù„Ø§Ù„ Ø§Ù„Ø¯ÙŠÙ† Ù„Ø§ Ù„Ø§ Ø£Ù†Ø§ Ø£Ø³Ù Ø£Ù†Ø§ Ø§Ù„ÙŠ Ø§ØªØ³Ø±Ø§Ø¹Øª ğŸ˜","2283223725026795_2284636191552215","2018-06-20T07:09:01+0000","0"
"fifaworldcup","2283223725026795_2284625818219919","Morocco 3..0 portugal","Ù†Ø´Ø¬Ø¹ Ø¬Ù…ÙŠØ¹ Ø§Ù„Ø¹Ø±Ø¨ Ø§Ù„Ù‰ Ø§Ù„ Ø³Ø¹ÙˆØ¯","2283223725026795_2284636718218829","2018-06-20T07:09:26+0000","0"
"fifaworldcup","2283223725026795_2284625818219919","Morocco 3..0 portugal","Ù…Ø§ÙÙŠ Ù…Ø´ÙƒÙ„Ø© Ø§Ø®ÙŠ Ø§Ù„Ø¹Ø²ÙŠØ² Ù…ØµØ± Ø¹Ù„Ù‰ Ø±Ø§Ø³Ù†Ø§","2283223725026795_2284638568218644","2018-06-20T07:10:35+0000","0"
"fifaworldcup","2283223725026795_2284625818219919","Morocco 3..0 portugal","Ø¬Ù„Ø§Ù„ Ø§Ù„Ø¯ÙŠÙ† Ø§Ù†Ø´Ø§Ø¡ Ø§Ù„Ù„Ù‡ Ø®ÙŠØ± Ø¨Ø³ Ø§Ù†ØªÙˆ Ù…Ù†ØªØ®Ø¨ Ù…Ø´ Ø³Ù‡Ù„ Ù‚ÙˆÙŠ Ø¨ÙŠØªÙ‚Ø¯Ù…Ùˆ ÙƒÙˆØ±Ù‡ Ø­Ù„Ùˆ ğŸ˜ŠğŸ˜ŠğŸ˜ŠÙˆÙ†Ø§Ø³ ÙÙŠ Ù…ØµØ± Ùˆ ÙƒÙ„ Ø§Ù„Ø¹Ø±Ø¨ Ø§Ù† Ù…Ù†ØªØ®Ø¨ Ø§Ù„Ù…ØºØ±Ø¨ Ø¹Ù†Ø¯Ù†Ø§ Ù‚Ø¯Ø±Ø§Øª Ùˆ Ù„Ø§Ø¹ÙŠØ¨Ø© Ù…Ø´Ø§Ø¡ Ø§Ù„Ù„Ù‡ ÙÙŠ Ù‚Ù…Ø© Ø§Ù„Ø¥Ø¨Ø¯Ø§Ø¹","2283223725026795_2284641588218342","2018-06-20T07:13:01+0000","0"
"fifaworldcup","2282562795092888_2284548691560965","Portugal 0:2 MoroccoUruguay 0:1 Saudi ArabiaIran 2:1 Spain","U feeling alryt brah","2282562795092888_2284549791560855","2018-06-20T06:02:01+0000","5"
"fifaworldcup","2282562795092888_2284548691560965","Portugal 0:2 MoroccoUruguay 0:1 Saudi ArabiaIran 2:1 Spain","lol What?","2282562795092888_2284550308227470","2018-06-20T06:02:28+0000","0"
"fifaworldcup","2282562795092888_2284548691560965","Portugal 0:2 MoroccoUruguay 0:1 Saudi ArabiaIran 2:1 Spain","He is totally out of control.....lol","2282562795092888_2284552628227238","2018-06-20T06:04:12+0000","1"
"fifaworldcup","2282562795092888_2284548691560965","Portugal 0:2 MoroccoUruguay 0:1 Saudi ArabiaIran 2:1 Spain","This guy since big teams played draws and 1 lost during first round so you think that will happen again remember its do or die now nations are doing their best","2282562795092888_2284552994893868","2018-06-20T06:04:32+0000","1"
"fifaworldcup","2282562795092888_2284548691560965","Portugal 0:2 MoroccoUruguay 0:1 Saudi ArabiaIran 2:1 Spain","Wake up lad, this isn't FIFA 18 lol","2282562795092888_2284553284893839","2018-06-20T06:04:47+0000","11"
"fifaworldcup","2282562795092888_2284548691560965","Portugal 0:2 MoroccoUruguay 0:1 Saudi ArabiaIran 2:1 Spain","You are in weed","2282562795092888_2284555378226963","2018-06-20T06:06:34+0000","0"
"fifaworldcup","2282562795092888_2284548691560965","Portugal 0:2 MoroccoUruguay 0:1 Saudi ArabiaIran 2:1 Spain","He might be in drunk","2282562795092888_2284555874893580","2018-06-20T06:06:50+0000","0"
"fifaworldcup","2282562795092888_2284548691560965","Portugal 0:2 MoroccoUruguay 0:1 Saudi ArabiaIran 2:1 Spain","ğŸ˜‚ğŸ˜‚ğŸ˜‚ğŸ˜ƒ","2282562795092888_2284556114893556","2018-06-20T06:06:57+0000","0"
"fifaworldcup","2282562795092888_2284548691560965","Portugal 0:2 MoroccoUruguay 0:1 Saudi ArabiaIran 2:1 Spain","Malinda Udara they can't afford weed","2282562795092888_2284556638226837","2018-06-20T06:07:20+0000","1"
"fifaworldcup","2282562795092888_2284548691560965","Portugal 0:2 MoroccoUruguay 0:1 Saudi ArabiaIran 2:1 Spain","Next season : Man City0-4 Man Utd. Like","2282562795092888_2284556821560152","2018-06-20T06:07:30+0000","2"
"fifaworldcup","2282982685050899_2284886444860523","A que horas son los partidos? Hora colombiana","Gracias por contactarnos. La lista completa de partidos estÃ¡ disponible en el siguiente enlace. Esperamos haber sido de ayuda.  https://www.fifa.com/worldcup/match","2282982685050899_2285000268182474","2018-06-20T11:04:18+0000","0"
"fifaworldcup","2282982685050899_2284521221563712","Ronaldo will become the first player in fifa world cup to score a hat trick back-to-backğŸ‘Œ","Of course Another htrick","2282982685050899_2284738884875279","2018-06-20T08:24:01+0000","0"
"fifaworldcup","2282982685050899_2284521221563712","Ronaldo will become the first player in fifa world cup to score a hat trick back-to-backğŸ‘Œ","And Morocco will be the first team in fifa world cup to score three hat tricks per three players during one match","2282982685050899_2284771981538636","2018-06-20T08:44:03+0000","1"
"fifaworldcup","2282971645052003_2284949361520898","Î‘Î—Î‘Î—Î‘Î—Î—Î‘Î— you said that cristiano is the best player in the world?? hahhaha nice joke , messi is your father","who is messi???","2282971645052003_2284991934849974","2018-06-20T10:59:00+0000","2"
"fifaworldcup","2282971645052003_2284949361520898","Î‘Î—Î‘Î—Î‘Î—Î—Î‘Î— you said that cristiano is the best player in the world?? hahhaha nice joke , messi is your father","Messi who ??? Never heard of him ??","2282971645052003_2284997834849384","2018-06-20T11:02:41+0000","3"
"fifaworldcup","2282971645052003_2284949361520898","Î‘Î—Î‘Î—Î‘Î—Î—Î‘Î— you said that cristiano is the best player in the world?? hahhaha nice joke , messi is your father","Izabella Ricci  me too , i know cristiano penaldo","2282971645052003_2285000254849142","2018-06-20T11:04:17+0000","0"
"fifaworldcup","2282971645052003_2284949361520898","Î‘Î—Î‘Î—Î‘Î—Î—Î‘Î— you said that cristiano is the best player in the world?? hahhaha nice joke , messi is your father","And messi canâ€™t even score penalties","2282971645052003_2285003578182143","2018-06-20T11:06:24+0000","7"
"fifaworldcup","2282971645052003_2284949361520898","Î‘Î—Î‘Î—Î‘Î—Î—Î‘Î— you said that cristiano is the best player in the world?? hahhaha nice joke , messi is your father","ronaldo only 1 foul has  scored this year and that 4 days ago","2282971645052003_2285007378181763","2018-06-20T11:08:54+0000","0"
"fifaworldcup","2282971645052003_2284949361520898","Î‘Î—Î‘Î—Î‘Î—Î—Î‘Î— you said that cristiano is the best player in the world?? hahhaha nice joke , messi is your father","Marco PraÃ§a the one who misses penalties....","2282971645052003_2285011901514644","2018-06-20T11:11:57+0000","0"
"fifaworldcup","2282971645052003_2284949361520898","Î‘Î—Î‘Î—Î‘Î—Î—Î‘Î— you said that cristiano is the best player in the world?? hahhaha nice joke , messi is your father","I believe this cup is between Russia, Portugal, or Spain ... No one else !!!","2282971645052003_2285244741491360","2018-06-20T13:22:19+0000","0"
"fifaworldcup","2282971645052003_2284949361520898","Î‘Î—Î‘Î—Î‘Î—Î—Î‘Î— you said that cristiano is the best player in the world?? hahhaha nice joke , messi is your father","ÎœÎ¹Ï‡Î¬Î»Î·Ï‚ Î•Ï†ÏÎ±Î¹Î¼Î¯Î´Î·Ï‚ ÎºÏ„ÏÏ€Î± Î»Î¯Î³Î¿ Ï„Î¿ ÎºÎµÏ†Î¬Î»Î¹ ÏƒÎ¿Ï… ÏƒÏ„Î¿Î½ Ï„Î¿Î¯Ï‡Î¿..Îº Î¸Î± Î´ÎµÎ¹Ï‚ ÎºÎ±Î¹ Ï„Î± Ï…Ï€ÏŒÎ»Î¿Î¹Ï€Î±","2282971645052003_2285271328155368","2018-06-20T13:38:04+0000","0"
"fifaworldcup","2282971645052003_2284949361520898","Î‘Î—Î‘Î—Î‘Î—Î—Î‘Î— you said that cristiano is the best player in the world?? hahhaha nice joke , messi is your father","Maria T Vassiliou  Î¤ÏÎ¬Î²Î± Ï€Î»Ï…Î½Îµ ÎºÎ±Î½Î± Ï€Î¹Î±Ï„Î¿ , Î¸Î± Î¼Îµ ÎºÏÎ±Î¶ÎµÎ¹Ï‚ Î±Î½Ï„Îµ","2282971645052003_2285272894821878","2018-06-20T13:38:59+0000","0"
"fifaworldcup","2282971645052003_2284949361520898","Î‘Î—Î‘Î—Î‘Î—Î—Î‘Î— you said that cristiano is the best player in the world?? hahhaha nice joke , messi is your father","Î“Î¹ÏÏÎ³Î¿Ï‚ Î£Î±Ï†Î»Î±Î³Î¹Î¿ÏÏÎ±Ï‚ Î¬ÎºÎ¿Ï… Ï„Î¹ Î»Î­Î½Îµ , ÎµÎ¹Î´Î¹ÎºÎ¬ Î±Ï…Ï„Î· Î· Î¼Î±ÏÎ¹Î± . ÎŸÎ»Î¿Î¹ Î¼ÎµÏƒÎ± ÏƒÏ„Î¿ ÎºÎ¿Î»Ï€Î¿ Î³Î¹Î± Ï„Î¿Î½ Ï€ÎµÎ½Î±Î»Î½Ï„Î¿","2282971645052003_2285275161488318","2018-06-20T13:40:20+0000","0"
